PORTFOLIOLINK,,,,/PORTFOLIOLINK
OWNER_PRFNBR.PRFID,OWNER_PRFNBR.ASSINF,MEMBER_PRFNBR.ASSINF,MEMBER_PRFNBR.PRFID,
,,,BB RD OCI,
,,Dummy Deposit for Str Product,DUMMY DEPOSIT FOR STRUCTURED PRODUCT,
,,DUMMY FUND CONSTITUENTS,DUMMY FUND CONSTITUENTS,
,,OVERSEAS,OVERSEAS,
,,New Group,PDN CONSOLIDATED,
,,PDN PA DETAIL,PDN PA DETAIL,
,,SUBSIDIARIES,SUBSIDIARIES,
,,TREASURY HO,TREASURY HO,
Banking Derivatives,Banking Derivatives,BB Derivative Banking,BB Derivative Banking,
Banking Derivatives,Banking Derivatives,BB Derivative Hedging,BB Derivative Hedging,
Banking Derivatives,Banking Derivatives,BB Derivative Squaring,BB Derivative Squaring,
Banking FX,Banking FX,BB FX,BB FX,
Banking IR,Banking IR,BB Bond BU,BB Bond BU,
Banking IR,Banking IR,BB Bond Treasury,BB Bond Treasury,
Banking IR,Banking IR,BB Bond Treasury Sharia,BB Bond Treasury Sharia,
BANKING_BOOK,BANKING_BOOK,BBM,BBM,
BANKING_BOOK,BANKING_BOOK,LAL,LAL,
Banknotes,Banknotes,Banknotes Branch Settlement,Banknotes Branch Settlement,
Banknotes,Banknotes,Banknotes Export Import,Banknotes Export Import,
Banknotes,Banknotes,Banknotes Interbank,Banknotes Interbank,
Banknotes,Banknotes,Banknotes Trader,Banknotes Trader,
BB Bond BU,BB Bond BU,Bonds BU Commercial Banking,Bonds BU Commercial Banking,
BB Bond BU,BB Bond BU,Bonds BU Corporate Banking,Bonds BU Corporate Banking,
BB Bond BU,BB Bond BU,Bonds BU GVI,Bonds BU GVI,
BB Bond BU,BB Bond BU,Bonds BU IBFI,Bonds BU IBFI,
BB Bond BU,BB Bond BU,Bonds BU SAM,Bonds BU SAM,
BB Bond Treasury,BB Bond Treasury,BB BOND AC,BB BOND AC,
BB Bond Treasury,BB Bond Treasury,BB BOND EX,BB BOND EX,
BB Bond Treasury,BB Bond Treasury,BB BOND OCI,BB BOND OCI,
BB Bond Treasury,BB Bond Treasury,BB BOND PL,BB BOND PL,
BB Bond Treasury Sharia,BB Bond Treasury Sharia,BB BOND SHARIA AC,BB BOND SHARIA AC,
BB Bond Treasury Sharia,BB Bond Treasury Sharia,BB BOND SHARIA OCI,BB BOND SHARIA OCI,
BB Bond Treasury Sharia,BB Bond Treasury Sharia,BB BOND SHARIA PL,BB BOND SHARIA PL,
BB RD OCI,,RDT BAHANA 221,RDT BAHANA 221,
BB RD OCI,,RDT BAHANA 222,RDT BAHANA 222,
BB RD OCI,,reksadana Berdikari 1001,RDT Berdikari 1001,
BB RD OCI,,RDT BMIIPS 1,RDT BMIIPS 1,
BB RD OCI,,RDT BNI-AM MAGNIFERA,RDT BNI-AM MAGNIFERA,
BB RD OCI,,RDT BNI-AM ORCHID,RDT BNI-AM ORCHID,
BB RD OCI,,RDT BNI-AM RASAMALA,RDT BNI-AM RASAMALA,
BB RD OCI,,RDT BNI-AM SUNFLOWER,RDT BNI-AM SUNFLOWER,
BB RD OCI,,RDT BNPP SELARAS V,RDT BNPP SELARAS V,
BB RD OCI,,RDT BNPP SELARAS VI,RDT BNPP SELARAS VI,
BB RD OCI,,RDT DIM 79,RDT DIM 79,
BB RD OCI,,RDT MANULIFE MDPU 3,RDT MANULIFE MDPU 3,
BB RD OCI,,RDT MANULIFE MDPU II,RDT MANULIFE MDPU II,
BB RD OCI,,RDT PANIN 17,RDT PANIN 17,
BB RD OCI,,RDT SYAILENDRA 45,RDT SYAILENDRA 45,
BB RD OCI,,RDT SYAILENDRA 46,RDT SYAILENDRA 46,
BB RD OCI,,RDT TRIMEGAH 21,RDT TRIMEGAH 21,
BB RD OCI,,RDT TRIMEGAH 24,RDT TRIMEGAH 24,
BB RD OCI,,RDT TRIMEGAH 26,RDT TRIMEGAH 26,
BB RD OCI,,RDT TRIMEGAH XI,RDT TRIMEGAH XI,
BBM,BBM,Banking Derivatives,Banking Derivatives,
BBM,BBM,Banking FX,Banking FX,
BBM,BBM,Banking IR,Banking IR,
BMCI,BMCI,BMCI Banking,BMCI Banking,
BMCI,BMCI,BMCI Trading,BMCI Trading,
BMDL,BMDL,BMDL Banking,BMDL Banking,
BMDL,BMDL,BMDL Trading,BMDL Trading,
BMHK,BMHK,BMHK Banking,BMHK Banking,
BMHK,BMHK,BMHK Trading,BMHK Trading,
BMSG,BMSG,BMSG Banking,BMSG Banking,
BMSG,BMSG,BMSG Trading,BMSG Trading,
BMSH,BMSH,BMSH Banking,BMSH Banking,
BMSH,BMSH,BMSH Trading,BMSH Trading,
Bonds BU Commercial Banking,Bonds BU Commercial Banking,Commercial 1,Commercial 1,
Bonds BU Commercial Banking,Bonds BU Commercial Banking,Commercial 2,Commercial 2,
Bonds BU Commercial Banking,Bonds BU Commercial Banking,Commercial 3,Commercial 3,
Bonds BU Commercial Banking,Bonds BU Commercial Banking,Commercial 4,Commercial 4,
Bonds BU Commercial Banking,Bonds BU Commercial Banking,Commercial 5,Commercial 5,
Bonds BU Commercial Banking,Bonds BU Commercial Banking,Commercial 6,Commercial 6,
Bonds BU Corporate Banking,Bonds BU Corporate Banking,CB 1,CB 1,
Bonds BU Corporate Banking,Bonds BU Corporate Banking,CB 2,CB 2,
Bonds BU Corporate Banking,Bonds BU Corporate Banking,CB 3,CB 3,
Bonds BU Corporate Banking,Bonds BU Corporate Banking,CB 4,CB 4,
Bonds BU Corporate Banking,Bonds BU Corporate Banking,CB 5,CB 5,
Bonds BU Corporate Banking,Bonds BU Corporate Banking,CB 6,CB 6,
Bonds BU GVI,Bonds BU GVI,GVI 1,GVI 1,
Bonds BU GVI,Bonds BU GVI,GVI 2,GVI 2,
Bonds BU IBFI,Bonds BU IBFI,IBFI 1,IBFI 1,
Bonds BU SAM,Bonds BU SAM,SAM 1,SAM 1,
Bonds BU SAM,Bonds BU SAM,SAM 2,SAM 2,
Bonds BU SAM,Bonds BU SAM,SAM 3,SAM 3,
Client Bonds,Client Bonds,Clients Bonds FI,Clients Bonds FI,
Client Bonds,Client Bonds,Clients Bonds Retail,Clients Bonds Retail,
Client Bonds,Client Bonds,Clients Bonds Tax Amnesty,Clients Bonds Tax Amnesty,
CLIENT_BOOK,CLIENT_BOOK,TAS,TAS,
CLIENT_BOOK,CLIENT_BOOK,TRC,TRC,
CLIENT_BOOK,CLIENT_BOOK,TWC,TWC,
DUMMY DEPOSIT FOR STRUCTURED PRODUCT,Dummy Deposit for Str Product,STR DEPO Non-protected,STR DEPO Non-protected,
DUMMY DEPOSIT FOR STRUCTURED PRODUCT,Dummy Deposit for Str Product,STR DEPO Protected,STR DEPO Protected,
DUMMY FUND CONSTITUENTS,DUMMY FUND CONSTITUENTS,RDT Underlying,RDT Underlying,
FX Retail,FX Retail,Retail FX BO,Retail FX BO,
FX Retail,FX Retail,Retail FX Branch,Retail FX Branch,
FX Retail,FX Retail,Retail SP,Retail SP,
FXT,FXT,FXT Dept Head,FXT Dept Head,
FXT,FXT,FXT Derivatives,FXT Derivatives,
FXT,FXT,FXT Specialist,FXT Specialist,
FXT,FXT,FXT Spot Emerging,FXT Spot Emerging,
FXT,FXT,FXT Spot Major,FXT Spot Major,
FXT Derivatives,FXT Derivatives,FXT Derivatives 1,FXT Derivatives 1,
FXT Derivatives,FXT Derivatives,FXT Derivatives 2,FXT Derivatives 2,
FXT Derivatives,FXT Derivatives,FXT Derivatives 3,FXT Derivatives 3,
FXT Specialist,FXT Specialist,FXT Specialist 1,FXT Specialist 1,
FXT Specialist,FXT Specialist,FXT Specialist 2,FXT Specialist 2,
FXT Specialist,FXT Specialist,FXT Specialist 3,FXT Specialist 3,
FXT Spot Emerging,FXT Spot Emerging,FXT Spot Emerging 1,FXT Spot Emerging 1,
FXT Spot Emerging,FXT Spot Emerging,FXT Spot Emerging 2,FXT Spot Emerging 2,
FXT Spot Emerging,FXT Spot Emerging,FXT Spot Emerging 3,FXT Spot Emerging 3,
FXT Spot Major,FXT Spot Major,FXT Spot Major 1,FXT Spot Major 1,
FXT Spot Major,FXT Spot Major,FXT Spot Major 2,FXT Spot Major 2,
FXT Spot Major,FXT Spot Major,FXT Spot Major 3,FXT Spot Major 3,
IRT,IRT,IRT DCM,IRT DCM,
IRT,IRT,IRT Dept Head,IRT Dept Head,
IRT,IRT,IRT Derivative,IRT Derivative,
IRT,IRT,IRT MM,IRT MM,
IRT,IRT,IRT Specialist,IRT Specialist,
IRT DCM,IRT DCM,IRT DCM 1,IRT DCM 1,
IRT DCM,IRT DCM,IRT DCM 2,IRT DCM 2,
IRT DCM,IRT DCM,IRT DCM 3,IRT DCM 3,
IRT DCM,IRT DCM,IRT DCM 4,IRT DCM 4,
IRT DCM,IRT DCM,IRT DCM 5,IRT DCM 5,
IRT DCM,IRT DCM,IRT DCM 6,IRT DCM 6,
IRT DCM,IRT DCM,IRT DCM 7,IRT DCM 7,
IRT DCM,IRT DCM,IRT DCM 8,IRT DCM 8,
IRT DCM,IRT DCM,IRT DCM BI,IRT DCM BI,
IRT DCM,IRT DCM,IRT DCM EX,IRT DCM EX,
IRT DCM,IRT DCM,IRT DCM PPA,IRT DCM PPA,
IRT Dept Head,IRT Dept Head,IRT Dept Head Bond RDPU Der,IRT Dept Head Bond RDPU Der,
IRT Dept Head,IRT Dept Head,IRT Dept Head Depo Loan Repo RR,IRT Dept Head Depo Loan Repo RR,
IRT Derivative,IRT Derivative,IRT Derivative 1,IRT Derivative 1,
IRT Derivative,IRT Derivative,IRT Derivative 2,IRT Derivative 2,
IRT Derivative,IRT Derivative,IRT Derivative 3,IRT Derivative 3,
IRT MM,IRT MM,IRT MM Bond RDPU 1,IRT MM Bond RDPU 1,
IRT MM,IRT MM,IRT MM Bond RDPU 2,IRT MM Bond RDPU 2,
IRT MM,IRT MM,IRT MM Bond RDPU 3,IRT MM Bond RDPU 3,
IRT MM,IRT MM,IRT MM Bond RDPU 4,IRT MM Bond RDPU 4,
IRT MM,IRT MM,IRT MM Depo Loan Repo RR 1,IRT MM Depo Loan Repo RR 1,
IRT MM,IRT MM,IRT MM Depo Loan Repo RR 2,IRT MM Depo Loan Repo RR 2,
IRT MM,IRT MM,IRT MM Depo Loan Repo RR 3,IRT MM Depo Loan Repo RR 3,
IRT Specialist,IRT Specialist,IRT Specialist 1,IRT Specialist 1,
LAL,LAL,ALM Bilateral Loans,ALM Bilateral Loans,
LAL,LAL,ALM Bonds Issued,ALM Bonds Issued,
LAL,LAL,ALM Repo,ALM Repo,
LAL,LAL,LIQ BI,LIQ BI,
LAL,LAL,LIQ IB,LIQ IB,
LAL,LAL,LIQ MM,LIQ MM,
LAL,LAL,LIQ NOS,LIQ NOS,
MMI,MMI,RD Indeks FTSE Indonesia ESG,RD Indeks FTSE Indonesia ESG,
MMI,MMI,RD Mandiri Asia Sharia Equity Dolla,RD Mandiri Asia Sharia Equity Dollar,
MMI,MMI,RD Mandiri Index LQ45,RD Mandiri Index LQ45,
MMI,MMI,RD Mandiri MM USD,RD Mandiri MM USD,
MMI,MMI,RD Mandiri Obligasi Utama Sejahtera,RD Mandiri Obligasi Utama Sejahtera,
MMI,MMI,RD MI Dana Obligasi 2,RD MI Dana Obligasi 2,
MMI,MMI,RD MI Obligasi Nasional,RD MI Obligasi Nasional,
MMI,MMI,RD MI Pasar Uang,RD MI Pasar Uang,
MMI,MMI,RD MI Pasar Uang 2,RD MI Pasar Uang 2,
MMI,MMI,RD MI Pasar Uang Syariah,RD MI Pasar Uang Syariah,
MMI,MMI,RDT Mandiri Seri 79,RDT Mandiri Seri 79,
MMI,MMI,RDT Mandiri Seri 80,RDT Mandiri Seri 80,
MTF,MTF,MTF Banking,MTF Banking,
MTF,MTF,MTF Trading,MTF Trading,
OVERSEAS,OVERSEAS,BMCI,BMCI,
OVERSEAS,OVERSEAS,BMDL,BMDL,
OVERSEAS,OVERSEAS,BMHK,BMHK,
OVERSEAS,OVERSEAS,BMSG,BMSG,
OVERSEAS,OVERSEAS,BMSH,BMSH,
PDN CONSOLIDATED,New Group,PDN Konsolidasi,PDN Konsolidasi,
PDN PA DETAIL,PDN PA DETAIL,PDN BMEL,PDN BMEL,
PDN PA DETAIL,PDN PA DETAIL,PDN MANSEK,PDN MANSEK,
PDN PA DETAIL,PDN PA DETAIL,PDN MIR,PDN MIR,
SUBSIDIARIES,SUBSIDIARIES,BMEL,BMEL,
SUBSIDIARIES,SUBSIDIARIES,BMTP,BMTP,
SUBSIDIARIES,SUBSIDIARIES,BSI,BSI,
SUBSIDIARIES,SUBSIDIARIES,MANSEK,MANSEK,
SUBSIDIARIES,SUBSIDIARIES,MCI,MCI,
SUBSIDIARIES,SUBSIDIARIES,MIR,MIR,
SUBSIDIARIES,SUBSIDIARIES,MMI,MMI,
SUBSIDIARIES,SUBSIDIARIES,MTF,MTF,
SUBSIDIARIES,SUBSIDIARIES,MUF,MUF,
TAS,TAS,Marktra,Marktra,
TAS,TAS,Marktra EX,Marktra EX,
TRADING_BOOK,TRADING_BOOK,FXT,FXT,
TRADING_BOOK,TRADING_BOOK,IRT,IRT,
TRC,TRC,Banknotes,Banknotes,
TRC,TRC,Client Bonds,Client Bonds,
TRC,TRC,FX Retail,FX Retail,
TREASURY HO,TREASURY HO,BANKING_BOOK,BANKING_BOOK,
TREASURY HO,TREASURY HO,CLIENT_BOOK,CLIENT_BOOK,
TREASURY HO,TREASURY HO,PDN,PDN,
TREASURY HO,TREASURY HO,TRADING_BOOK,TRADING_BOOK,
TWC,TWC,Wholesale FX & Derivative BO,Wholesale FX & Derivative BO,
TWC,TWC,Wholesale FX Branch,Wholesale FX Branch,
TWC,TWC,Wholesale SP,Wholesale SP,
